sweep,stations,horizon,distribution,mode,repetition,correct,end_to_end_s,offline_s,offline_bytes_p0_to_p1,offline_bytes_p1_to_p0,offline_rounds_p0,online_s,online_bytes_p0_to_p1,online_bytes_p1_to_p0,online_rounds_p0,online_rounds_p1,input_bytes_to_p0,input_bytes_to_p1,output_bytes_from_p0,output_bytes_from_p1,control_bytes_p0_to_p1,control_bytes_p1_to_p0,input_phase_s,triples,comparisons,multiply_steps,compare_steps,halve_steps,match
stations,1,10000,uniform,binary,0,True,1.0621771812438965,0.034363375,289563,289563,10,0.983553959,271947,276504,519,488,484,484,172,172,160,160,0.004295084,91,31,61,16,14,False
stations,1,10000,uniform,argmin,0,True,0.11366701126098633,0.030403916,25371,25371,10,0.057973333,11332,15889,26,24,484,484,172,172,160,160,0.004414,5,2,3,1,0,False
stations,1,10000,uniform,binary,1,True,0.8644580841064453,0.031808916,289563,289563,10,0.783064625,271947,276504,519,488,484,484,172,172,160,160,0.004527083,91,31,61,16,14,False
stations,1,10000,uniform,argmin,1,True,0.11025476455688477,0.031030875,25371,25371,10,0.057934333,11332,15889,26,24,484,484,172,172,160,160,0.004538583,5,2,3,1,0,False
stations,1,10000,uniform,binary,2,True,0.8140139579772949,0.031831208,289563,289563,10,0.764267625,271947,276504,519,488,484,484,260,260,160,160,0.004558334,91,31,61,16,14,True
stations,1,10000,uniform,argmin,2,True,0.11059713363647461,0.030955208,25371,25371,10,0.059870541,11332,15889,26,24,484,484,260,260,160,160,0.004443334,5,2,3,1,0,True
stations,4,10000,uniform,binary,0,True,0.9666728973388672,0.033200083,639771,639771,10,0.860868417,443521,452635,586,552,1312,1312,620,620,160,160,0.014582792,205,85,95,18,14,True
stations,4,10000,uniform,argmin,0,True,0.22162985801696777,0.03073475,108315,108315,10,0.110958334,37646,42203,62,58,1312,1312,620,620,160,160,0.013551916,32,11,9,3,0,True
stations,4,10000,uniform,binary,1,True,0.9204051494598389,0.032652875,639771,639771,10,0.82972125,443521,452635,586,552,1312,1312,532,532,160,160,0.015168042,205,85,95,18,14,False
stations,4,10000,uniform,argmin,1,True,0.21602201461791992,0.031963458,108315,108315,10,0.10658825,37646,42203,62,58,1312,1312,532,532,160,160,0.01405275,32,11,9,3,0,False
stations,4,10000,uniform,binary,2,True,0.9048290252685547,0.0335285,639771,639771,10,0.833621541,443521,452635,586,552,1312,1312,532,532,160,160,0.015301167,205,85,95,18,14,False
stations,4,10000,uniform,argmin,2,True,0.21809887886047363,0.032610958,108315,108315,10,0.110025083,37646,42203,62,58,1312,1312,532,532,160,160,0.014269209,32,11,9,3,0,False
stations,16,10000,uniform,binary,0,True,1.1332519054412842,0.0444075,2040603,2040603,10,0.991292959,1093413,1116198,659,620,4624,4624,2060,2060,160,160,0.054053916,661,301,129,20,14,True
stations,16,10000,uniform,argmin,0,True,0.2694427967071533,0.032309291,440091,440091,10,0.160640958,110476,115033,98,92,4624,4624,2060,2060,160,160,0.052345791,140,47,15,5,0,True
stations,16,10000,uniform,binary,1,True,1.0590779781341553,0.04486375,2040603,2040603,10,0.911765166,1093413,1116198,659,620,4624,4624,2060,2060,160,160,0.054446667,661,301,129,20,14,True
stations,16,10000,uniform,argmin,1,True,0.2756378650665283,0.032434292,440091,440091,10,0.16254625,110476,115033,98,92,4624,4624,2060,2060,160,160,0.052707042,140,47,15,5,0,True
stations,16,10000,uniform,binary,2,True,1.073293924331665,0.043345708,2040603,2040603,10,0.932565083,1093413,1116198,659,620,4624,4624,2060,2060,160,160,0.054960208,661,301,129,20,14,True
stations,16,10000,uniform,argmin,2,True,0.2722291946411133,0.032172792,440091,440091,10,0.158041667,110476,115033,98,92,4624,4624,2060,2060,160,160,0.052464291,140,47,15,5,0,True
stations,64,10000,uniform,binary,0,True,1.320775032043457,0.074461833,7643931,7643931,10,1.00221879,3658643,3736112,759,706,17872,17872,7820,7820,160,160,0.207969083,2485,1165,163,22,14,True
stations,64,10000,uniform,argmin,0,True,0.4908759593963623,0.037873792,1767195,1767195,10,0.21176975,369460,378574,137,128,17872,17872,7820,7820,160,160,0.204728583,572,191,21,7,0,True
stations,64,10000,uniform,binary,1,True,1.394592046737671,0.063951708,7643931,7643931,10,1.08402062,3658643,3736112,759,706,17872,17872,7820,7820,160,160,0.222152291,2485,1165,163,22,14,True
stations,64,10000,uniform,argmin,1,True,0.5375208854675293,0.037267041,1767195,1767195,10,0.213641542,369460,378574,137,128,17872,17872,7820,7820,160,160,0.213291583,572,191,21,7,0,True
stations,64,10000,uniform,binary,2,True,1.340703010559082,0.062485209,7643931,7643931,10,1.00460362,3658643,3736112,759,706,17872,17872,7820,7820,160,160,0.24430775,2485,1165,163,22,14,True
stations,64,10000,uniform,argmin,2,True,0.5331792831420898,0.039025083,1767195,1767195,10,0.229585709,369460,378574,137,128,17872,17872,7820,7820,160,160,0.206989542,572,191,21,7,0,True
stations,256,10000,uniform,binary,0,True,2.4208390712738037,0.269458292,30057251,30057251,10,1.21680562,13967886,14007365,904,832,70864,70864,30860,30860,160,160,0.844099792,9781,4621,197,24,14,True
stations,256,10000,uniform,argmin,0,True,1.2302820682525635,0.05938575,7075611,7075611,10,0.309702625,1376467,1387066,181,168,70864,70864,30860,30860,160,160,0.810127125,2300,767,27,9,0,True
stations,256,10000,uniform,binary,1,True,2.3920958042144775,0.242065042,30057251,30057251,10,1.15915208,13967886,14007365,904,832,70864,70864,30860,30860,160,160,0.9124235,9781,4621,197,24,14,True
stations,256,10000,uniform,argmin,1,True,1.2225868701934814,0.0598845,7075611,7075611,10,0.271514166,1376467,1387066,181,168,70864,70864,30860,30860,160,160,0.815826541,2300,767,27,9,0,True
stations,256,10000,uniform,binary,2,True,2.3506810665130615,0.179440458,30057251,30057251,10,1.276007,13967886,14007365,904,832,70864,70864,30860,30860,160,160,0.823767458,9781,4621,197,24,14,True
stations,256,10000,uniform,argmin,2,True,1.2117130756378174,0.059124708,7075611,7075611,10,0.268600958,1376467,1387066,181,168,70864,70864,30860,30860,160,160,0.831325542,2300,767,27,9,0,True
stations,1024,10000,uniform,binary,0,True,6.643097162246704,1.02755383,119710527,119710527,10,1.87753021,55249894,55103927,1344,1194,282832,282832,123020,123020,160,160,3.47396783,38965,18445,231,26,14,True
stations,1024,10000,uniform,argmin,0,True,3.972442865371704,0.266362084,28309283,28309283,10,0.375116333,5386495,5389824,253,230,282832,282832,123020,123020,160,160,3.22271592,9212,3071,33,11,0,True
stations,1024,10000,uniform,binary,1,True,6.0216310024261475,0.853088542,119710527,119710527,10,1.65462292,55249894,55103927,1344,1194,282832,282832,123020,123020,160,160,3.32046754,38965,18445,231,26,14,True
stations,1024,10000,uniform,argmin,1,True,3.995943069458008,0.1486285,28309283,28309283,10,0.355632875,5386495,5389824,253,230,282832,282832,123020,123020,160,160,3.36166733,9212,3071,33,11,0,True
stations,1024,10000,uniform,binary,2,True,6.12581205368042,0.906824625,119710527,119710527,10,1.65844717,55249894,55103927,1344,1194,282832,282832,123020,123020,160,160,3.35835558,38965,18445,231,26,14,True
stations,1024,10000,uniform,argmin,2,True,4.031981706619263,0.144334042,28309283,28309283,10,0.356192875,5386495,5389824,253,230,282832,282832,123020,123020,160,160,3.41512646,9212,3071,33,11,0,True
horizon,64,100,uniform,binary,0,True,0.9099891185760498,0.048290667,4805403,4805403,10,0.600664667,2070476,2116046,458,426,17872,17872,7820,7820,160,160,0.195726375,1561,710,93,15,7,True
horizon,64,100,uniform,argmin,0,True,0.48030996322631836,0.037213333,1767195,1767195,10,0.209896125,369460,378574,137,128,17872,17872,7820,7820,160,160,0.200683209,572,191,21,7,0,True
horizon,64,100,uniform,binary,1,True,0.9073541164398193,0.052629083,4805403,4805403,10,0.6064725,2070476,2116046,458,426,17872,17872,7820,7820,160,160,0.210602917,1561,710,93,15,7,True
horizon,64,100,uniform,argmin,1,True,0.4747469425201416,0.036900333,1767195,1767195,10,0.213125,369460,378574,137,128,17872,17872,7820,7820,160,160,0.206771167,572,191,21,7,0,True
horizon,64,100,uniform,binary,2,True,0.9182789325714111,0.048323958,4805403,4805403,10,0.610044417,2070476,2116046,458,426,17872,17872,7820,7820,160,160,0.199432125,1561,710,93,15,7,True
horizon,64,100,uniform,argmin,2,True,0.47507309913635254,0.036895125,1767195,1767195,10,0.212827292,369460,378574,137,128,17872,17872,7820,7820,160,160,0.2042835,572,191,21,7,0,True
horizon,64,10000,uniform,binary,0,True,1.3379943370819092,0.063442167,7643931,7643931,10,1.0095015,3658643,3736112,759,706,17872,17872,7820,7820,160,160,0.217815084,2485,1165,163,22,14,True
horizon,64,10000,uniform,argmin,0,True,0.48662710189819336,0.03768825,1767195,1767195,10,0.211183917,369460,378574,137,128,17872,17872,7820,7820,160,160,0.217456417,572,191,21,7,0,True
horizon,64,10000,uniform,binary,1,True,1.2783050537109375,0.061889875,7643931,7643931,10,0.976350625,3658643,3736112,759,706,17872,17872,7820,7820,160,160,0.21329325,2485,1165,163,22,14,True
horizon,64,10000,uniform,argmin,1,True,0.5374658107757568,0.038121458,1767195,1767195,10,0.218216209,369460,378574,137,128,17872,17872,7820,7820,160,160,0.213579917,572,191,21,7,0,True
horizon,64,10000,uniform,binary,2,True,1.3214669227600098,0.073368709,7643931,7643931,10,1.00315833,3658643,3736112,759,706,17872,17872,7820,7820,160,160,0.214171459,2485,1165,163,22,14,True
horizon,64,10000,uniform,argmin,2,True,0.587568998336792,0.040203875,1767195,1767195,10,0.239066458,369460,378574,137,128,17872,17872,7820,7820,160,160,0.248566208,572,191,21,7,0,True
horizon,64,1000000,uniform,binary,0,True,1.6121299266815186,0.072200958,10076955,10076955,10,1.29120533,5019929,5124740,1017,946,17872,17872,7820,7820,160,160,0.19896875,3277,1555,223,28,20,True
horizon,64,1000000,uniform,argmin,0,True,0.4904611110687256,0.037522125,1767195,1767195,10,0.217081291,369460,378574,137,128,17872,17872,7820,7820,160,160,0.204439958,572,191,21,7,0,True
horizon,64,1000000,uniform,binary,1,True,1.6562440395355225,0.07110375,10076955,10076955,10,1.31425325,5019929,5124740,1017,946,17872,17872,7820,7820,160,160,0.205747958,3277,1555,223,28,20,True
horizon,64,1000000,uniform,argmin,1,True,0.5932784080505371,0.039218208,1767195,1767195,10,0.220541,369460,378574,137,128,17872,17872,7820,7820,160,160,0.278901333,572,191,21,7,0,True
horizon,64,1000000,uniform,binary,2,True,1.6064808368682861,0.072105209,10076955,10076955,10,1.27917287,5019929,5124740,1017,946,17872,17872,7820,7820,160,160,0.203280583,3277,1555,223,28,20,True
horizon,64,1000000,uniform,argmin,2,True,0.47333693504333496,0.036843875,1767195,1767195,10,0.209162625,369460,378574,137,128,17872,17872,7820,7820,160,160,0.205448375,572,191,21,7,0,True
horizon,64,4294967295,uniform,binary,0,True,2.3448047637939453,0.092580666,15348511,15348511,10,1.99729546,7962631,8126683,1571,1462,17872,17872,7820,7820,160,160,0.2372295,4993,2400,353,41,33,True
horizon,64,4294967295,uniform,argmin,0,True,0.5358798503875732,0.037314875,1767195,1767195,10,0.216581916,369460,378574,137,128,17872,17872,7820,7820,160,160,0.220736667,572,191,21,7,0,True
horizon,64,4294967295,uniform,binary,1,True,2.3990018367767334,0.100156542,15348511,15348511,10,2.02047896,7962631,8126683,1571,1462,17872,17872,7820,7820,160,160,0.219512,4993,2400,353,41,33,True
horizon,64,4294967295,uniform,argmin,1,True,0.5831568241119385,0.03827525,1767195,1767195,10,0.224032292,369460,378574,137,128,17872,17872,7820,7820,160,160,0.259569208,572,191,21,7,0,True
horizon,64,4294967295,uniform,binary,2,True,2.299109935760498,0.092223917,15348511,15348511,10,1.95547362,7962631,8126683,1571,1462,17872,17872,7820,7820,160,160,0.2039185,4993,2400,353,41,33,True
horizon,64,4294967295,uniform,argmin,2,True,0.4871249198913574,0.038047,1767195,1767195,10,0.209189375,369460,378574,137,128,17872,17872,7820,7820,160,160,0.204037042,572,191,21,7,0,True
distribution,64,10000,uniform,binary,0,True,1.3498108386993408,0.062110833,7643931,7643931,10,0.996417625,3658643,3736112,759,706,17872,17872,7820,7820,160,160,0.238247375,2485,1165,163,22,14,True
distribution,64,10000,uniform,argmin,0,True,0.5886220932006836,0.042465375,1767195,1767195,10,0.231927959,369460,378574,137,128,17872,17872,7820,7820,160,160,0.244180542,572,191,21,7,0,True
distribution,64,10000,uniform,binary,1,True,1.2881617546081543,0.061803083,7643931,7643931,10,0.974170958,3658643,3736112,759,706,17872,17872,7820,7820,160,160,0.222811125,2485,1165,163,22,14,True
distribution,64,10000,uniform,argmin,1,True,0.4848001003265381,0.037512583,1767195,1767195,10,0.214797625,369460,378574,137,128,17872,17872,7820,7820,160,160,0.204715333,572,191,21,7,0,True
distribution,64,10000,uniform,binary,2,True,1.2938971519470215,0.061336167,7643931,7643931,10,0.956692583,3658643,3736112,759,706,17872,17872,7820,7820,160,160,0.204414958,2485,1165,163,22,14,True
distribution,64,10000,uniform,argmin,2,True,0.48917412757873535,0.037426792,1767195,1767195,10,0.21615025,369460,378574,137,128,17872,17872,7820,7820,160,160,0.193721917,572,191,21,7,0,True
distribution,64,10000,clustered,binary,0,True,1.3864288330078125,0.061567125,7643931,7643931,10,1.01242233,3658643,3736112,759,706,17872,17872,7820,7820,160,160,0.223843959,2485,1165,163,22,14,True
distribution,64,10000,clustered,argmin,0,True,0.535430908203125,0.03789275,1767195,1767195,10,0.216909042,369460,378574,137,128,17872,17872,7820,7820,160,160,0.209912166,572,191,21,7,0,True
distribution,64,10000,clustered,binary,1,True,1.3289508819580078,0.061861458,7643931,7643931,10,1.02321954,3658643,3736112,759,706,17872,17872,7820,7820,160,160,0.212811416,2485,1165,163,22,14,True
distribution,64,10000,clustered,argmin,1,True,0.48495984077453613,0.037340417,1767195,1767195,10,0.216864583,369460,378574,137,128,17872,17872,7820,7820,160,160,0.200890084,572,191,21,7,0,True
distribution,64,10000,clustered,binary,2,True,1.2999002933502197,0.061717208,7643931,7643931,10,1.01640029,3658643,3736112,759,706,17872,17872,7820,7820,160,160,0.20070425,2485,1165,163,22,14,True
distribution,64,10000,clustered,argmin,2,True,0.527813196182251,0.037916709,1767195,1767195,10,0.223687791,369460,378574,137,128,17872,17872,7820,7820,160,160,0.23436475,572,191,21,7,0,True
distribution,64,10000,beyond-horizon,binary,0,True,1.2768959999084473,0.061880875,7643931,7643931,10,0.964502375,3658643,3736112,759,706,17872,17872,7732,7732,160,160,0.221364,2485,1165,163,22,14,False
distribution,64,10000,beyond-horizon,argmin,0,True,0.47594332695007324,0.037408167,1767195,1767195,10,0.209213042,369460,378574,137,128,17872,17872,7732,7732,160,160,0.199588583,572,191,21,7,0,False
distribution,64,10000,beyond-horizon,binary,1,True,1.2850151062011719,0.062357667,7643931,7643931,10,0.999975209,3658643,3736112,759,706,17872,17872,7732,7732,160,160,0.199449417,2485,1165,163,22,14,False
distribution,64,10000,beyond-horizon,argmin,1,True,0.5380868911743164,0.04346575,1767195,1767195,10,0.218541125,369460,378574,137,128,17872,17872,7732,7732,160,160,0.207928833,572,191,21,7,0,False
distribution,64,10000,beyond-horizon,binary,2,True,1.3381781578063965,0.062819333,7643931,7643931,10,1.00551021,3658643,3736112,759,706,17872,17872,7732,7732,160,160,0.207236833,2485,1165,163,22,14,False
distribution,64,10000,beyond-horizon,argmin,2,True,0.5362439155578613,0.040051291,1767195,1767195,10,0.244750708,369460,378574,137,128,17872,17872,7732,7732,160,160,0.204192667,572,191,21,7,0,False
