sweep,stations,horizon,distribution,mode,runs,all_correct,triples,comparisons,multiply_steps,compare_steps,halve_steps,end_to_end_s_mean,end_to_end_s_stdev,offline_s_mean,offline_s_stdev,online_s_mean,online_s_stdev,offline_bytes_p0_to_p1_mean,offline_bytes_p0_to_p1_stdev,offline_bytes_p1_to_p0_mean,offline_bytes_p1_to_p0_stdev,online_bytes_p0_to_p1_mean,online_bytes_p0_to_p1_stdev,online_bytes_p1_to_p0_mean,online_bytes_p1_to_p0_stdev,online_rounds_p0_mean,online_rounds_p0_stdev,input_bytes_to_p0_mean,input_bytes_to_p0_stdev,input_bytes_to_p1_mean,input_bytes_to_p1_stdev,output_bytes_from_p0_mean,output_bytes_from_p0_stdev,output_bytes_from_p1_mean,output_bytes_from_p1_stdev
stations,1,10000,uniform,binary,3,True,91,31,61,16,14,0.9135497411092123,0.13116302617725495,0.032667833,0.0014684247473530957,0.8436287363333334,0.12154271988065424,289563.0,0.0,289563.0,0.0,271947.0,0.0,276504.0,0.0,519.0,0.0,484.0,0.0,484.0,0.0,201.33333333333334,50.80682368868707,201.33333333333334,50.80682368868707
stations,1,10000,uniform,argmin,3,True,5,2,3,1,0,0.11150630315144856,0.0018790419893210159,0.030796666333333333,0.00034222944346203407,0.058592735666666666,0.0011067836746272205,25371.0,0.0,25371.0,0.0,11332.0,0.0,15889.0,0.0,26.0,0.0,484.0,0.0,484.0,0.0,201.33333333333334,50.80682368868707,201.33333333333334,50.80682368868707
stations,4,10000,uniform,binary,3,True,205,85,95,18,14,0.9306356906890869,0.03216619512072889,0.033127152666666666,0.0004423447866724952,0.8414037360000001,0.016969337709380194,639771.0,0.0,639771.0,0.0,443521.0,0.0,452635.0,0.0,586.0,0.0,1312.0,0.0,1312.0,0.0,561.3333333333334,50.80682368868707,561.3333333333334,50.80682368868707
stations,4,10000,uniform,argmin,3,True,32,11,9,3,0,0.2185835838317871,0.0028351686156158577,0.031769722,0.00095298968676896,0.10919055566666667,0.00230146376124508,108315.0,0.0,108315.0,0.0,37646.0,0.0,42203.0,0.0,62.0,0.0,1312.0,0.0,1312.0,0.0,561.3333333333334,50.80682368868707,561.3333333333334,50.80682368868707
stations,16,10000,uniform,binary,3,True,661,301,129,20,14,1.0885412693023682,0.03936755033695302,0.04420565266666667,0.0007788900037369444,0.945207736,0.04124372644441237,2040603.0,0.0,2040603.0,0.0,1093413.0,0.0,1116198.0,0.0,659.0,0.0,4624.0,0.0,4624.0,0.0,2060.0,0.0,2060.0,0.0
stations,16,10000,uniform,argmin,3,True,140,47,15,5,0,0.27243661880493164,0.0031027385616796853,0.032305458333333335,0.0001307921232350555,0.160409625,0.002261184030245883,440091.0,0.0,440091.0,0.0,110476.0,0.0,115033.0,0.0,98.0,0.0,4624.0,0.0,4624.0,0.0,2060.0,0.0,2060.0,0.0
stations,64,10000,uniform,binary,3,True,2485,1165,163,22,14,1.3520233631134033,0.038188358187503206,0.06696625,0.006532647106010476,1.03028101,0.04655514059420618,7643931.0,0.0,7643931.0,0.0,3658643.0,0.0,3736112.0,0.0,759.0,0.0,17872.0,0.0,17872.0,0.0,7820.0,0.0,7820.0,0.0
stations,64,10000,uniform,argmin,3,True,572,191,21,7,0,0.5205253760019938,0.025768746699806503,0.03805530533333334,0.0008929659769970714,0.21833233366666668,0.009790543581307033,1767195.0,0.0,1767195.0,0.0,369460.0,0.0,378574.0,0.0,137.0,0.0,17872.0,0.0,17872.0,0.0,7820.0,0.0,7820.0,0.0
stations,256,10000,uniform,binary,3,True,9781,4621,197,24,14,2.3878719806671143,0.03526920642744214,0.230321264,0.04614368700914408,1.2173215666666666,0.058429168510032145,30057251.0,0.0,30057251.0,0.0,13967886.0,0.0,14007365.0,0.0,904.0,0.0,70864.0,0.0,70864.0,0.0,30860.0,0.0,30860.0,0.0
stations,256,10000,uniform,argmin,3,True,2300,767,27,9,0,1.221527338027954,0.009329728184087897,0.059464986,0.0003860436874085635,0.283272583,0.022935388274545065,7075611.0,0.0,7075611.0,0.0,1376467.0,0.0,1387066.0,0.0,181.0,0.0,70864.0,0.0,70864.0,0.0,30860.0,0.0,30860.0,0.0
stations,1024,10000,uniform,binary,3,True,38965,18445,231,26,14,6.263513406117757,0.3328307284459042,0.9291556656666667,0.08935066150943136,1.7302001,0.1276059450279441,119710527.0,0.0,119710527.0,0.0,55249894.0,0.0,55103927.0,0.0,1344.0,0.0,282832.0,0.0,282832.0,0.0,123020.0,0.0,123020.0,0.0
stations,1024,10000,uniform,argmin,3,True,9212,3071,33,11,0,4.000122547149658,0.02998865501496772,0.186441542,0.06924651881184182,0.3623140276666667,0.011090656715718931,28309283.0,0.0,28309283.0,0.0,5386495.0,0.0,5389824.0,0.0,253.0,0.0,282832.0,0.0,282832.0,0.0,123020.0,0.0,123020.0,0.0
horizon,64,100,uniform,binary,3,True,1561,710,93,15,7,0.9118740558624268,0.005701108954181868,0.04974790266666667,0.0024952308826159415,0.6057271946666667,0.004734082545282286,4805403.0,0.0,4805403.0,0.0,2070476.0,0.0,2116046.0,0.0,458.0,0.0,17872.0,0.0,17872.0,0.0,7820.0,0.0,7820.0,0.0
horizon,64,100,uniform,argmin,3,True,572,191,21,7,0,0.4767100016276042,0.0031219204295973297,0.03700293033333333,0.00018223266013899224,0.21194947233333336,0.0017844702202044077,1767195.0,0.0,1767195.0,0.0,369460.0,0.0,378574.0,0.0,137.0,0.0,17872.0,0.0,17872.0,0.0,7820.0,0.0,7820.0,0.0
horizon,64,10000,uniform,binary,3,True,2485,1165,163,22,14,1.3125887711842854,0.03081913072891886,0.06623358366666666,0.00622775342760914,0.9963368183333333,0.01759672965014404,7643931.0,0.0,7643931.0,0.0,3658643.0,0.0,3736112.0,0.0,759.0,0.0,17872.0,0.0,17872.0,0.0,7820.0,0.0,7820.0,0.0
horizon,64,10000,uniform,argmin,3,True,572,191,21,7,0,0.5372206370035807,0.05047139483696795,0.03867119433333333,0.0013448976958476565,0.22282219466666667,0.01450070174596128,1767195.0,0.0,1767195.0,0.0,369460.0,0.0,378574.0,0.0,137.0,0.0,17872.0,0.0,17872.0,0.0,7820.0,0.0,7820.0,0.0
horizon,64,1000000,uniform,binary,3,True,3277,1555,223,28,20,1.6249516010284424,0.02724684540857955,0.07180330566666666,0.0006077216186909408,1.2948771499999998,0.0178261033829718,10076955.0,0.0,10076955.0,0.0,5019929.0,0.0,5124740.0,0.0,1017.0,0.0,17872.0,0.0,17872.0,0.0,7820.0,0.0,7820.0,0.0
horizon,64,1000000,uniform,argmin,3,True,572,191,21,7,0,0.5190254847208658,0.06487242725834039,0.03786140266666666,0.0012229866311805418,0.215594972,0.005832984873756918,1767195.0,0.0,1767195.0,0.0,369460.0,0.0,378574.0,0.0,137.0,0.0,17872.0,0.0,17872.0,0.0,7820.0,0.0,7820.0,0.0
horizon,64,4294967295,uniform,binary,3,True,4993,2400,353,41,33,2.3476388454437256,0.05000621947575678,0.09498704166666667,0.004480470704568921,1.9910826799999999,0.03294499254249731,15348511.0,0.0,15348511.0,0.0,7962631.0,0.0,8126683.0,0.0,1571.0,0.0,17872.0,0.0,17872.0,0.0,7820.0,0.0,7820.0,0.0
horizon,64,4294967295,uniform,argmin,3,True,572,191,21,7,0,0.5353871981302897,0.04801784758548292,0.03787904166666666,0.0005017345278713964,0.21660119433333333,0.007421477279344336,1767195.0,0.0,1767195.0,0.0,369460.0,0.0,378574.0,0.0,137.0,0.0,17872.0,0.0,17872.0,0.0,7820.0,0.0,7820.0,0.0
distribution,64,10000,uniform,binary,3,True,2485,1165,163,22,14,1.3106232484181721,0.03405839279373334,0.06175002766666667,0.0003900487202713703,0.9757603886666667,0.01991015966431573,7643931.0,0.0,7643931.0,0.0,3658643.0,0.0,3736112.0,0.0,759.0,0.0,17872.0,0.0,17872.0,0.0,7820.0,0.0,7820.0,0.0
distribution,64,10000,uniform,argmin,3,True,572,191,21,7,0,0.5208654403686523,0.0587197243764908,0.039134916666666665,0.0028845804818850742,0.2209586113333333,0.009523777599871299,1767195.0,0.0,1767195.0,0.0,369460.0,0.0,378574.0,0.0,137.0,0.0,17872.0,0.0,17872.0,0.0,7820.0,0.0,7820.0,0.0
distribution,64,10000,clustered,binary,3,True,2485,1165,163,22,14,1.33842666943868,0.04403566685203086,0.061715263666666666,0.00014717613273331195,1.0173473866666667,0.005460556749822612,7643931.0,0.0,7643931.0,0.0,3658643.0,0.0,3736112.0,0.0,759.0,0.0,17872.0,0.0,17872.0,0.0,7820.0,0.0,7820.0,0.0
distribution,64,10000,clustered,argmin,3,True,572,191,21,7,0,0.5160679817199707,0.02720835733591812,0.03771662533333334,0.0003260261354129965,0.2191538053333333,0.003926609691556359,1767195.0,0.0,1767195.0,0.0,369460.0,0.0,378574.0,0.0,137.0,0.0,17872.0,0.0,17872.0,0.0,7820.0,0.0,7820.0,0.0
distribution,64,10000,beyond-horizon,binary,3,True,2485,1165,163,22,14,1.3000297546386719,0.03328596505936978,0.062352625,0.0004692493162104783,0.9899959313333334,0.022250845375134165,7643931.0,0.0,7643931.0,0.0,3658643.0,0.0,3736112.0,0.0,759.0,0.0,17872.0,0.0,17872.0,0.0,7732.0,0.0,7732.0,0.0
distribution,64,10000,beyond-horizon,argmin,3,True,572,191,21,7,0,0.5167580445607504,0.0353585918838717,0.040308402666666666,0.0030369652216191622,0.22416829166666666,0.018424987915945094,1767195.0,0.0,1767195.0,0.0,369460.0,0.0,378574.0,0.0,137.0,0.0,17872.0,0.0,17872.0,0.0,7732.0,0.0,7732.0,0.0
