network,uav_count,distance_m,bandwidth_mbps,latency_ms,search_bytes,compute_ns,modeled_network_ms
LAN,100,10000,1000,1,128000,115459,2.024
LAN,1000,10000,1000,1,1280000,789792,11.24
LAN,10000,10000,1000,1,12800000,7830125,103.4
LAN,100,100000,1000,1,128000,90208,2.024
LAN,1000,100000,1000,1,1280000,755000,11.24
LAN,10000,100000,1000,1,12800000,7086916,103.4
LAN,100,1000000,1000,1,128000,78458,2.024
LAN,1000,1000000,1000,1,1280000,696375,11.24
LAN,10000,1000000,1000,1,12800000,6839416,103.4
WAN1,100,10000,200,50,128000,75375,55.12
WAN1,1000,10000,200,50,1280000,669542,101.2
WAN1,10000,10000,200,50,12800000,6750709,562
WAN1,100,100000,200,50,128000,82125,55.12
WAN1,1000,100000,200,50,1280000,680833,101.2
WAN1,10000,100000,200,50,12800000,6595750,562
WAN1,100,1000000,200,50,128000,74709,55.12
WAN1,1000,1000000,200,50,1280000,663583,101.2
WAN1,10000,1000000,200,50,12800000,6372792,562
WAN2,100,10000,80,50,128000,70459,62.8
WAN2,1000,10000,80,50,1280000,625458,178
WAN2,10000,10000,80,50,12800000,6474875,1330
WAN2,100,100000,80,50,128000,71208,62.8
WAN2,1000,100000,80,50,1280000,625375,178
WAN2,10000,100000,80,50,12800000,6383208,1330
WAN2,100,1000000,80,50,128000,70209,62.8
WAN2,1000,1000000,80,50,1280000,627875,178
WAN2,10000,1000000,80,50,12800000,6484083,1330
